Sat Jun 24 03:26:55 2017,187200
Sat Jun 24 03:27:51 2017,187200
Sat Jun 24 03:28:53 2017,187200
Sat Jun 24 03:29:55 2017,187200
Sat Jun 24 03:30:56 2017,187200
Sat Jun 24 03:31:58 2017,187200
Sat Jun 24 03:33:01 2017,187200
Sat Jun 24 03:34:03 2017,187200
Sat Jun 24 03:35:04 2017,187200
Sat Jun 24 03:36:06 2017,187200
Sat Jun 24 03:37:08 2017,187200
Sat Jun 24 03:38:10 2017,187200
Sat Jun 24 03:39:12 2017,187200
Sat Jun 24 03:40:14 2017,187200
Sat Jun 24 03:41:16 2017,187200
Sat Jun 24 03:42:17 2017,187200
Sat Jun 24 03:43:19 2017,187200
Sat Jun 24 03:44:21 2017,187200
Sat Jun 24 03:45:23 2017,187200
Sat Jun 24 03:46:25 2017,187200
Sat Jun 24 03:47:27 2017,187200
Sat Jun 24 03:48:29 2017,187200
Sat Jun 24 03:49:31 2017,187200
Sat Jun 24 03:50:33 2017,187200
Sat Jun 24 03:51:35 2017,187200
Sat Jun 24 03:52:36 2017,187200
Sat Jun 24 03:53:38 2017,187200
Sat Jun 24 03:54:40 2017,187200
Sat Jun 24 03:55:42 2017,187200
Sat Jun 24 03:56:44 2017,187200
Sat Jun 24 03:57:46 2017,187200
Sat Jun 24 03:58:48 2017,187200
Sat Jun 24 03:59:50 2017,187200
Sat Jun 24 04:00:51 2017,187200
Sat Jun 24 04:01:54 2017,187200
Sat Jun 24 04:02:56 2017,187200
Sat Jun 24 04:03:57 2017,187200
Sat Jun 24 04:04:59 2017,187200
Sat Jun 24 04:06:01 2017,187200
Sat Jun 24 04:07:03 2017,187200
Sat Jun 24 04:08:05 2017,187200
Sat Jun 24 04:09:07 2017,187200
Sat Jun 24 04:10:08 2017,187200
Sat Jun 24 04:11:10 2017,187200
Sat Jun 24 04:12:12 2017,187200
Sat Jun 24 04:13:14 2017,187200
Sat Jun 24 04:14:16 2017,187200
Sat Jun 24 04:15:18 2017,187200
Sat Jun 24 04:16:20 2017,187200
Sat Jun 24 04:17:22 2017,187200
Sat Jun 24 04:18:24 2017,187200
Sat Jun 24 04:19:25 2017,187200
Sat Jun 24 04:20:27 2017,187200
Sat Jun 24 04:21:29 2017,187200
Sat Jun 24 04:22:31 2017,187200
Sat Jun 24 04:23:32 2017,187200
Sat Jun 24 04:24:34 2017,187200
Sat Jun 24 04:25:36 2017,187200
Sat Jun 24 04:26:38 2017,187200
Sat Jun 24 04:27:39 2017,187200
Sat Jun 24 04:28:41 2017,187200
Sat Jun 24 04:29:43 2017,187200
Sat Jun 24 04:30:45 2017,187200
Sat Jun 24 04:31:47 2017,187200
Sat Jun 24 04:32:48 2017,187200
Sat Jun 24 04:33:50 2017,187200
Sat Jun 24 04:34:52 2017,187200
Sat Jun 24 04:35:53 2017,187200
Sat Jun 24 04:36:55 2017,187200
Sat Jun 24 04:37:57 2017,187200
Sat Jun 24 04:38:59 2017,187200
Sat Jun 24 04:40:01 2017,187200
Sat Jun 24 04:41:03 2017,187200
Sat Jun 24 04:42:05 2017,187200
Sat Jun 24 04:43:06 2017,187199
Sat Jun 24 04:44:09 2017,187199
Sat Jun 24 04:45:10 2017,187199
Sat Jun 24 04:46:12 2017,187199
Sat Jun 24 04:47:14 2017,187199
Sat Jun 24 04:48:16 2017,187199
Sat Jun 24 04:49:18 2017,187199
Sat Jun 24 04:50:20 2017,187199
Sat Jun 24 04:51:22 2017,186700
Sat Jun 24 04:52:24 2017,186700
Sat Jun 24 04:53:26 2017,187199
Sat Jun 24 04:54:27 2017,187199
Sat Jun 24 04:55:29 2017,187199
Sat Jun 24 04:56:31 2017,187199
Sat Jun 24 04:57:33 2017,187199
Sat Jun 24 04:58:35 2017,187199
Sat Jun 24 04:59:37 2017,187199
Sat Jun 24 05:00:39 2017,187199
Sat Jun 24 05:01:41 2017,187199
Sat Jun 24 05:02:43 2017,187199
Sat Jun 24 05:03:45 2017,187199
Sat Jun 24 05:04:47 2017,187199
Sat Jun 24 05:05:48 2017,187199
Sat Jun 24 05:06:50 2017,187150
Sat Jun 24 05:07:52 2017,187150
Sat Jun 24 05:08:54 2017,187150
Sat Jun 24 05:09:56 2017,187150
Sat Jun 24 05:10:58 2017,187150
Sat Jun 24 05:12:00 2017,187150
Sat Jun 24 05:13:02 2017,187150
Sat Jun 24 05:14:04 2017,187150
Sat Jun 24 05:15:05 2017,187000
Sat Jun 24 05:16:07 2017,187000
Sat Jun 24 05:17:09 2017,187000
Sat Jun 24 05:18:11 2017,187000
Sat Jun 24 05:19:13 2017,187000
Sat Jun 24 05:20:15 2017,187000
Sat Jun 24 05:21:16 2017,187000
Sat Jun 24 05:22:18 2017,187000
Sat Jun 24 05:23:20 2017,187000
Sat Jun 24 05:24:21 2017,186999
Sat Jun 24 05:25:23 2017,186999
Sat Jun 24 05:26:24 2017,186999
Sat Jun 24 05:27:26 2017,186999
Sat Jun 24 05:28:28 2017,186999
Sat Jun 24 05:29:30 2017,186999
Sat Jun 24 05:30:32 2017,186999
Sat Jun 24 05:31:33 2017,186999
Sat Jun 24 05:32:35 2017,186999
Sat Jun 24 05:33:37 2017,186999
Sat Jun 24 05:34:40 2017,186999
Sat Jun 24 05:35:42 2017,186999
Sat Jun 24 05:36:44 2017,186999
Sat Jun 24 05:37:45 2017,186999
Sat Jun 24 05:38:47 2017,186999
Sat Jun 24 05:57:51 2017,186999
Sat Jun 24 05:58:13 2017,186999
Sat Jun 24 05:58:48 2017,186999
Sat Jun 24 06:03:06 2017,186999
Sat Jun 24 06:03:23 2017,186999
Sat Jun 24 06:04:25 2017,186999
Sat Jun 24 06:05:27 2017,187000
Sat Jun 24 06:06:29 2017,187000
Sat Jun 24 06:07:31 2017,187000
Sat Jun 24 06:08:33 2017,187000
Sat Jun 24 06:09:35 2017,187000
Sat Jun 24 06:10:37 2017,187000
Sat Jun 24 06:11:38 2017,187000
Sat Jun 24 06:12:40 2017,187000
Sat Jun 24 06:13:42 2017,187000
Sat Jun 24 06:14:44 2017,187000
Sat Jun 24 06:15:46 2017,187000
Sat Jun 24 06:16:48 2017,187000
Sat Jun 24 06:17:50 2017,187000
Sat Jun 24 06:18:52 2017,187000
Sat Jun 24 06:19:53 2017,187000
Sat Jun 24 06:20:56 2017,187000
Sat Jun 24 06:21:57 2017,187000
Sat Jun 24 06:22:59 2017,187000
Sat Jun 24 06:24:01 2017,186650
Sat Jun 24 06:25:03 2017,186650
Sat Jun 24 06:26:05 2017,186650
Sat Jun 24 06:27:07 2017,186650
Sat Jun 24 06:28:09 2017,186650
Sat Jun 24 06:29:11 2017,186650
Sat Jun 24 06:30:13 2017,186650
Sat Jun 24 06:31:14 2017,186650
Sat Jun 24 06:32:16 2017,186650
Sat Jun 24 06:33:18 2017,186650
Sat Jun 24 06:34:20 2017,187000
Sat Jun 24 06:35:23 2017,187000
Sat Jun 24 06:36:25 2017,187000
Sat Jun 24 06:37:26 2017,187000
Sat Jun 24 06:38:28 2017,187000
Sat Jun 24 06:39:30 2017,187000
Sat Jun 24 06:40:32 2017,187000
Sat Jun 24 06:41:34 2017,187000
Sat Jun 24 06:42:35 2017,187000
Sat Jun 24 06:43:37 2017,187000
Sat Jun 24 06:44:39 2017,187000
Sat Jun 24 06:45:41 2017,187000
Sat Jun 24 06:46:42 2017,187000
Sat Jun 24 06:47:44 2017,187000
Sat Jun 24 06:48:46 2017,187000
Sat Jun 24 06:49:48 2017,187000
Sat Jun 24 06:50:49 2017,187000
Sat Jun 24 06:51:52 2017,187000
Sat Jun 24 06:52:53 2017,187000
Sat Jun 24 06:53:55 2017,187200
Sat Jun 24 06:54:57 2017,187200
Sat Jun 24 06:55:59 2017,187200
Sat Jun 24 06:57:01 2017,187200
Sat Jun 24 06:58:03 2017,187200
Sat Jun 24 06:59:04 2017,187200
Sat Jun 24 07:00:06 2017,187200
Sat Jun 24 07:01:08 2017,187200
Sat Jun 24 07:02:10 2017,187200
Sat Jun 24 07:03:12 2017,187200
Sat Jun 24 07:04:14 2017,187200
Sat Jun 24 07:05:16 2017,187200
Sat Jun 24 07:06:18 2017,187200
Sat Jun 24 07:07:20 2017,187200
Sat Jun 24 07:08:22 2017,187200
Sat Jun 24 07:09:23 2017,187390
Sat Jun 24 07:10:25 2017,187390
Sat Jun 24 07:11:27 2017,187390
Sat Jun 24 07:12:29 2017,187390
Sat Jun 24 07:13:31 2017,187390
Sat Jun 24 07:14:33 2017,187390
Sat Jun 24 07:15:35 2017,187390
Sat Jun 24 07:16:36 2017,187390
Sat Jun 24 07:17:38 2017,187390
Sat Jun 24 07:18:40 2017,187390
Sat Jun 24 07:19:42 2017,187390
Sat Jun 24 07:20:45 2017,187390
Sat Jun 24 07:21:47 2017,187390
Sat Jun 24 07:22:49 2017,187390
Sat Jun 24 07:23:51 2017,187390
Sat Jun 24 07:24:53 2017,187390
Sat Jun 24 07:25:55 2017,187395
Sat Jun 24 07:26:57 2017,187395
Sat Jun 24 07:27:59 2017,187395
Sat Jun 24 07:29:01 2017,187395
Sat Jun 24 07:30:03 2017,187400
Sat Jun 24 07:31:05 2017,187400
Sat Jun 24 07:32:07 2017,187400
Sat Jun 24 07:33:09 2017,187400
Sat Jun 24 07:34:11 2017,187400
Sat Jun 24 07:35:13 2017,187400
Sat Jun 24 07:36:15 2017,187400
Sat Jun 24 07:37:17 2017,187400
Sat Jun 24 07:38:19 2017,186611
Sat Jun 24 07:39:21 2017,186611
Sat Jun 24 07:40:22 2017,186611
Sat Jun 24 07:41:24 2017,186611
Sat Jun 24 07:42:26 2017,186611
Sat Jun 24 07:43:27 2017,186611
Sat Jun 24 07:44:29 2017,186611
Sat Jun 24 07:45:31 2017,186611
Sat Jun 24 07:46:33 2017,186611
Sat Jun 24 07:47:35 2017,186611
Sat Jun 24 07:48:37 2017,186611
Sat Jun 24 07:49:39 2017,186611
Sat Jun 24 07:50:40 2017,186611
Sat Jun 24 07:51:42 2017,186611
Sat Jun 24 07:52:43 2017,186611
Sat Jun 24 07:53:45 2017,186611
Sat Jun 24 07:54:47 2017,186611
Sat Jun 24 07:55:49 2017,186611
Sat Jun 24 07:56:51 2017,186611
Sat Jun 24 07:57:52 2017,186611
Sat Jun 24 07:58:54 2017,186611
Sat Jun 24 07:59:56 2017,186611
Sat Jun 24 08:00:58 2017,186611
Sat Jun 24 08:02:00 2017,186611
Sat Jun 24 08:03:02 2017,186611
Sat Jun 24 08:04:04 2017,186611
Sat Jun 24 08:05:06 2017,186611
Sat Jun 24 08:06:07 2017,186611
Sat Jun 24 08:07:09 2017,186611
Sat Jun 24 08:08:11 2017,186611
Sat Jun 24 08:09:13 2017,186611
Sat Jun 24 08:10:15 2017,186611
Sat Jun 24 08:11:17 2017,186611
Sat Jun 24 08:12:18 2017,187400
Sat Jun 24 08:13:20 2017,187400
Sat Jun 24 08:14:22 2017,187400
Sat Jun 24 08:15:24 2017,187400
Sat Jun 24 08:16:25 2017,187400
Sat Jun 24 08:17:27 2017,187400
Sat Jun 24 08:18:29 2017,187400
Sat Jun 24 08:19:30 2017,187400
Sat Jun 24 08:20:32 2017,187400
Sat Jun 24 08:21:34 2017,187400
Sat Jun 24 08:22:36 2017,187400
Sat Jun 24 08:23:38 2017,187400
Sat Jun 24 08:24:40 2017,187400
Sat Jun 24 08:25:42 2017,187400
Sat Jun 24 08:26:44 2017,187400
Sat Jun 24 08:27:46 2017,187400
Sat Jun 24 08:28:48 2017,187400
Sat Jun 24 08:29:50 2017,187400
Sat Jun 24 08:30:52 2017,187400
Sat Jun 24 08:31:54 2017,187400
Sat Jun 24 08:32:56 2017,187400
Sat Jun 24 08:33:57 2017,187400
Sat Jun 24 08:34:59 2017,187400
Sat Jun 24 08:36:01 2017,187400
Sat Jun 24 08:37:03 2017,187400
Sat Jun 24 08:38:05 2017,187400
Sat Jun 24 08:39:07 2017,187400
Sat Jun 24 08:40:08 2017,187451
Sat Jun 24 08:41:10 2017,187451
Sat Jun 24 08:42:13 2017,187451
Sat Jun 24 08:43:14 2017,187451
Sat Jun 24 08:44:16 2017,187451
Sat Jun 24 08:45:18 2017,187400
Sat Jun 24 08:46:20 2017,187400
Sat Jun 24 08:47:22 2017,187400
Sat Jun 24 08:48:23 2017,187400
Sat Jun 24 08:49:25 2017,187400
Sat Jun 24 08:50:27 2017,187400
Sat Jun 24 08:51:29 2017,187400
Sat Jun 24 08:52:31 2017,187400
Sat Jun 24 08:53:33 2017,187400
Sat Jun 24 08:54:35 2017,187400
Sat Jun 24 08:55:37 2017,187400
Sat Jun 24 08:56:39 2017,187400
Sat Jun 24 08:57:40 2017,187400
Sat Jun 24 08:58:42 2017,187400
Sat Jun 24 08:59:44 2017,187400
Sat Jun 24 09:00:46 2017,187400
Sat Jun 24 09:01:48 2017,187400
Sat Jun 24 09:02:50 2017,187400
Sat Jun 24 09:03:52 2017,187400
Sat Jun 24 09:04:54 2017,187400
Sat Jun 24 09:05:55 2017,187400
Sat Jun 24 09:06:57 2017,187400
Sat Jun 24 09:07:59 2017,187400
Sat Jun 24 09:09:00 2017,187400
Sat Jun 24 09:10:03 2017,187400
Sat Jun 24 09:11:04 2017,187400
Sat Jun 24 09:12:06 2017,187400
Sat Jun 24 09:13:08 2017,187400
Sat Jun 24 09:14:10 2017,187400
Sat Jun 24 09:15:11 2017,187400
Sat Jun 24 09:16:13 2017,187400
Sat Jun 24 09:17:15 2017,187400
Sat Jun 24 09:18:17 2017,187400
Sat Jun 24 09:19:19 2017,187400
Sat Jun 24 09:20:21 2017,187400
Sat Jun 24 09:21:23 2017,187400
Sat Jun 24 09:22:24 2017,187400
Sat Jun 24 09:23:26 2017,187400
Sat Jun 24 09:24:28 2017,187400
Sat Jun 24 09:25:30 2017,187400
Sat Jun 24 09:26:32 2017,187400
Sat Jun 24 09:27:34 2017,187400
Sat Jun 24 09:28:35 2017,187400
Sat Jun 24 09:29:37 2017,187400
Sat Jun 24 09:30:40 2017,187400
Sat Jun 24 09:31:41 2017,187000
Sat Jun 24 09:32:43 2017,187000
Sat Jun 24 09:33:45 2017,187400
Sat Jun 24 09:34:47 2017,187000
Sat Jun 24 09:35:49 2017,187000
Sat Jun 24 09:36:50 2017,187000
Sat Jun 24 09:37:52 2017,187000
Sat Jun 24 09:38:54 2017,187000
Sat Jun 24 09:39:56 2017,187000
Sat Jun 24 09:40:58 2017,187000
Sat Jun 24 09:42:00 2017,187000
Sat Jun 24 09:43:02 2017,187000
Sat Jun 24 09:44:04 2017,187000
Sat Jun 24 09:45:06 2017,187000
Sat Jun 24 09:46:08 2017,187000
Sat Jun 24 09:47:10 2017,187000
Sat Jun 24 09:48:12 2017,187000
Sat Jun 24 09:49:13 2017,186700
Sat Jun 24 09:50:15 2017,186700
Sat Jun 24 09:51:17 2017,186700
Sat Jun 24 09:52:19 2017,186700
Sat Jun 24 09:53:21 2017,186700
Sat Jun 24 09:54:22 2017,186700
Sat Jun 24 09:55:25 2017,186700
Sat Jun 24 09:56:26 2017,186700
Sat Jun 24 09:57:28 2017,186700
Sat Jun 24 09:58:30 2017,186700
Sat Jun 24 09:59:31 2017,186700
Sat Jun 24 10:00:34 2017,186700
Sat Jun 24 10:01:36 2017,186700
Sat Jun 24 10:02:38 2017,186700
Sat Jun 24 10:03:39 2017,186700
Sat Jun 24 10:04:41 2017,186700
Sat Jun 24 10:05:43 2017,186700
Sat Jun 24 10:06:45 2017,186700
Sat Jun 24 10:07:47 2017,186700
Sat Jun 24 10:08:49 2017,186700
Sat Jun 24 10:09:51 2017,186700
Sat Jun 24 10:10:53 2017,186700
Sat Jun 24 10:11:55 2017,186700
Sat Jun 24 10:12:56 2017,186700
Sat Jun 24 10:13:58 2017,186700
Sat Jun 24 10:15:00 2017,186700
Sat Jun 24 10:16:02 2017,186700
Sat Jun 24 10:17:03 2017,186700
Sat Jun 24 10:19:06 2017,187000
Sat Jun 24 10:20:45 2017,187000
Sat Jun 24 10:21:47 2017,187000
Sat Jun 24 10:22:49 2017,187000
Sat Jun 24 10:23:51 2017,187000
Sat Jun 24 10:24:53 2017,187000
Sat Jun 24 10:25:54 2017,187000
Sat Jun 24 10:26:56 2017,187000
Sat Jun 24 10:27:58 2017,187451
Sat Jun 24 10:29:00 2017,187451
Sat Jun 24 10:30:02 2017,187451
Sat Jun 24 10:31:04 2017,187451
Sat Jun 24 10:32:05 2017,187451
Sat Jun 24 10:33:07 2017,187451
Sat Jun 24 10:34:09 2017,187451
Sat Jun 24 10:35:11 2017,187451
Sat Jun 24 10:36:13 2017,187451
Sat Jun 24 10:37:15 2017,187451
Sat Jun 24 10:38:17 2017,187451
Sat Jun 24 10:39:19 2017,187451
Sat Jun 24 10:40:21 2017,187451
Sat Jun 24 10:41:23 2017,187451
Sat Jun 24 10:42:24 2017,187451
Sat Jun 24 10:43:26 2017,187451
Sat Jun 24 10:44:28 2017,187451
Sat Jun 24 10:45:30 2017,187451
Sat Jun 24 10:46:32 2017,187450
Sat Jun 24 10:47:34 2017,187450
Sat Jun 24 10:48:36 2017,187450
Sat Jun 24 10:49:37 2017,187450
Sat Jun 24 10:50:39 2017,187450
Sat Jun 24 10:51:41 2017,187450
Sat Jun 24 10:52:43 2017,187450
Sat Jun 24 10:53:45 2017,187450
Sat Jun 24 10:54:47 2017,187450
Sat Jun 24 10:55:48 2017,187450
Sat Jun 24 10:56:50 2017,187450
Sat Jun 24 10:57:52 2017,187450
Sat Jun 24 10:58:54 2017,187450
Sat Jun 24 10:59:56 2017,187450
Sat Jun 24 11:00:58 2017,187450
Sat Jun 24 11:02:00 2017,187450
Sat Jun 24 11:03:02 2017,187450
Sat Jun 24 11:04:04 2017,187450
Sat Jun 24 11:05:05 2017,187432
Sat Jun 24 11:06:07 2017,187432
Sat Jun 24 11:07:09 2017,187450
Sat Jun 24 11:08:11 2017,187450
Sat Jun 24 11:09:13 2017,187450
Sat Jun 24 11:10:15 2017,187295
Sat Jun 24 11:11:16 2017,187295
Sat Jun 24 11:12:18 2017,187296
Sat Jun 24 11:13:20 2017,187281
Sat Jun 24 11:14:21 2017,187287
Sat Jun 24 11:15:23 2017,187230
Sat Jun 24 11:16:25 2017,187230
Sat Jun 24 11:17:27 2017,187450
Sat Jun 24 11:18:29 2017,187450
Sat Jun 24 11:19:30 2017,187450
Sat Jun 24 11:20:32 2017,187450
Sat Jun 24 11:21:34 2017,187450
Sat Jun 24 11:22:36 2017,187450
Sat Jun 24 11:23:38 2017,187450
Sat Jun 24 11:24:40 2017,187450
