Sat Jun 24 03:26:56 2017,188379,183199
Sat Jun 24 03:27:52 2017,188343,183164
Sat Jun 24 03:28:53 2017,188343,183164
Sat Jun 24 03:29:55 2017,188343,183164
Sat Jun 24 03:30:57 2017,188147,182973
Sat Jun 24 03:31:59 2017,188147,182973
Sat Jun 24 03:33:01 2017,188147,182973
Sat Jun 24 03:34:03 2017,188182,183007
Sat Jun 24 03:35:05 2017,188182,183007
Sat Jun 24 03:36:06 2017,188047,182876
Sat Jun 24 03:37:08 2017,188047,182876
Sat Jun 24 03:38:10 2017,188047,182876
Sat Jun 24 03:39:12 2017,188186,183011
Sat Jun 24 03:40:14 2017,188186,183011
Sat Jun 24 03:41:16 2017,188186,183011
Sat Jun 24 03:42:18 2017,188233,183056
Sat Jun 24 03:43:20 2017,188233,183056
Sat Jun 24 03:44:22 2017,188233,183056
Sat Jun 24 03:45:24 2017,188250,183073
Sat Jun 24 03:46:25 2017,188250,183073
Sat Jun 24 03:47:28 2017,188250,183073
Sat Jun 24 03:48:29 2017,188281,183103
Sat Jun 24 03:49:31 2017,188281,183103
Sat Jun 24 03:50:33 2017,188281,183103
Sat Jun 24 03:51:35 2017,188242,183065
Sat Jun 24 03:52:37 2017,188242,183065
Sat Jun 24 03:53:39 2017,188242,183065
Sat Jun 24 03:54:41 2017,187815,182650
Sat Jun 24 03:55:42 2017,187815,182650
Sat Jun 24 03:56:44 2017,187815,182650
Sat Jun 24 03:57:47 2017,187966,182797
Sat Jun 24 03:58:48 2017,187966,182797
Sat Jun 24 03:59:50 2017,187966,182797
Sat Jun 24 04:00:52 2017,187890,182723
Sat Jun 24 04:01:54 2017,187890,182723
Sat Jun 24 04:02:56 2017,187890,182723
Sat Jun 24 04:03:58 2017,187761,182597
Sat Jun 24 04:05:00 2017,187761,182597
Sat Jun 24 04:06:02 2017,187761,182597
Sat Jun 24 04:07:04 2017,187725,182562
Sat Jun 24 04:08:05 2017,187725,182562
Sat Jun 24 04:09:07 2017,187639,182479
Sat Jun 24 04:10:09 2017,187639,182479
Sat Jun 24 04:11:11 2017,187639,182479
Sat Jun 24 04:12:13 2017,187625,182465
Sat Jun 24 04:13:15 2017,187625,182465
Sat Jun 24 04:14:17 2017,187625,182465
Sat Jun 24 04:15:19 2017,187624,182464
Sat Jun 24 04:16:20 2017,187624,182464
Sat Jun 24 04:17:22 2017,187624,182464
Sat Jun 24 04:18:24 2017,187684,182523
Sat Jun 24 04:19:26 2017,187684,182523
Sat Jun 24 04:20:28 2017,187684,182523
Sat Jun 24 04:21:29 2017,187747,182584
Sat Jun 24 04:22:31 2017,187747,182584
Sat Jun 24 04:23:33 2017,187747,182584
Sat Jun 24 04:24:34 2017,187748,182585
Sat Jun 24 04:25:36 2017,187748,182585
Sat Jun 24 04:26:38 2017,187748,182585
Sat Jun 24 04:27:40 2017,187900,182733
Sat Jun 24 04:28:41 2017,187900,182733
Sat Jun 24 04:29:43 2017,187900,182733
Sat Jun 24 04:30:45 2017,187948,182780
Sat Jun 24 04:31:47 2017,187948,182780
Sat Jun 24 04:32:49 2017,187948,182780
Sat Jun 24 04:33:50 2017,187892,182725
Sat Jun 24 04:34:52 2017,187892,182725
Sat Jun 24 04:35:54 2017,187892,182725
Sat Jun 24 04:36:55 2017,187934,182766
Sat Jun 24 04:37:58 2017,187934,182766
Sat Jun 24 04:39:00 2017,187934,182766
Sat Jun 24 04:40:01 2017,187950,182782
Sat Jun 24 04:41:03 2017,187950,182782
Sat Jun 24 04:42:05 2017,187984,182814
Sat Jun 24 04:43:07 2017,187984,182814
Sat Jun 24 04:44:09 2017,187984,182814
Sat Jun 24 04:45:11 2017,187947,182778
Sat Jun 24 04:46:13 2017,187947,182778
Sat Jun 24 04:47:15 2017,187947,182778
Sat Jun 24 04:48:16 2017,187990,182821
Sat Jun 24 04:49:18 2017,187990,182821
Sat Jun 24 04:50:20 2017,187990,182821
Sat Jun 24 04:51:22 2017,188048,182876
Sat Jun 24 04:52:24 2017,188048,182876
Sat Jun 24 04:53:26 2017,188048,182876
Sat Jun 24 04:54:28 2017,188225,183049
Sat Jun 24 04:55:30 2017,188225,183049
Sat Jun 24 04:56:31 2017,188225,183049
Sat Jun 24 04:57:33 2017,188154,182980
Sat Jun 24 04:58:35 2017,188154,182980
Sat Jun 24 04:59:37 2017,188154,182980
Sat Jun 24 05:00:40 2017,188167,182992
Sat Jun 24 05:01:41 2017,188167,182992
Sat Jun 24 05:02:43 2017,188167,182992
Sat Jun 24 05:03:45 2017,188310,183131
Sat Jun 24 05:04:47 2017,188310,183131
Sat Jun 24 05:05:49 2017,188310,183131
Sat Jun 24 05:06:50 2017,188344,183165
Sat Jun 24 05:07:52 2017,188344,183165
Sat Jun 24 05:08:54 2017,188344,183165
Sat Jun 24 05:09:56 2017,188393,183212
Sat Jun 24 05:10:59 2017,188393,183212
Sat Jun 24 05:12:00 2017,188393,183212
Sat Jun 24 05:13:02 2017,188305,183127
Sat Jun 24 05:14:04 2017,188305,183127
Sat Jun 24 05:15:06 2017,188178,183003
Sat Jun 24 05:16:08 2017,188178,183003
Sat Jun 24 05:17:10 2017,188178,183003
Sat Jun 24 05:18:12 2017,188231,183055
Sat Jun 24 05:19:13 2017,188231,183055
Sat Jun 24 05:20:15 2017,188231,183055
Sat Jun 24 05:21:17 2017,188338,183159
Sat Jun 24 05:22:18 2017,188338,183159
Sat Jun 24 05:23:20 2017,188338,183159
Sat Jun 24 05:24:22 2017,188353,183174
Sat Jun 24 05:25:23 2017,188353,183174
Sat Jun 24 05:26:25 2017,188353,183174
Sat Jun 24 05:27:27 2017,188341,183161
Sat Jun 24 05:28:28 2017,188341,183161
Sat Jun 24 05:29:30 2017,188341,183161
Sat Jun 24 05:30:32 2017,188319,183140
Sat Jun 24 05:31:34 2017,188319,183140
Sat Jun 24 05:32:36 2017,188319,183140
Sat Jun 24 05:33:38 2017,188318,183139
Sat Jun 24 05:34:40 2017,188318,183139
Sat Jun 24 05:35:42 2017,188318,183139
Sat Jun 24 05:36:44 2017,188281,183104
Sat Jun 24 05:37:46 2017,188281,183104
Sat Jun 24 06:11:39 2017,188281,183104
Sat Jun 24 06:12:41 2017,189194,183991
Sat Jun 24 06:13:43 2017,189194,183991
Sat Jun 24 06:14:44 2017,189194,183991
Sat Jun 24 06:15:46 2017,189256,184052
Sat Jun 24 06:16:48 2017,189256,184052
Sat Jun 24 06:17:50 2017,189256,184052
Sat Jun 24 06:18:52 2017,189120,183919
Sat Jun 24 06:19:54 2017,189120,183919
Sat Jun 24 06:20:56 2017,189120,183919
Sat Jun 24 06:21:58 2017,189265,184060
Sat Jun 24 06:22:59 2017,189265,184060
Sat Jun 24 06:24:01 2017,189265,184060
Sat Jun 24 06:25:03 2017,189257,184052
Sat Jun 24 06:26:05 2017,189257,184052
Sat Jun 24 06:27:07 2017,189339,184132
Sat Jun 24 06:28:09 2017,189339,184132
Sat Jun 24 06:29:11 2017,189339,184132
Sat Jun 24 06:30:13 2017,189153,183952
Sat Jun 24 06:31:15 2017,189153,183952
Sat Jun 24 06:32:17 2017,189153,183952
Sat Jun 24 06:33:19 2017,189060,183861
Sat Jun 24 06:34:20 2017,189060,183861
Sat Jun 24 06:35:23 2017,189060,183861
Sat Jun 24 06:36:25 2017,188909,183714
Sat Jun 24 06:37:27 2017,188909,183714
Sat Jun 24 06:38:28 2017,188909,183714
Sat Jun 24 06:39:30 2017,188975,183779
Sat Jun 24 06:40:32 2017,188975,183779
Sat Jun 24 06:41:34 2017,188975,183779
Sat Jun 24 06:42:36 2017,188931,183735
Sat Jun 24 06:43:37 2017,188931,183735
Sat Jun 24 06:44:39 2017,188931,183735
Sat Jun 24 06:45:41 2017,188759,183568
Sat Jun 24 06:46:43 2017,188759,183568
Sat Jun 24 06:47:45 2017,188759,183568
Sat Jun 24 06:48:46 2017,188819,183626
Sat Jun 24 06:49:48 2017,188819,183626
Sat Jun 24 06:50:50 2017,188819,183626
Sat Jun 24 06:51:52 2017,188588,183402
Sat Jun 24 06:52:54 2017,188588,183402
Sat Jun 24 06:53:55 2017,188588,183402
Sat Jun 24 06:54:57 2017,188804,183612
Sat Jun 24 06:55:59 2017,188804,183612
Sat Jun 24 06:57:01 2017,188804,183612
Sat Jun 24 06:58:03 2017,188784,183593
Sat Jun 24 06:59:05 2017,188784,183593
Sat Jun 24 07:00:07 2017,188792,183601
Sat Jun 24 07:01:09 2017,188792,183601
Sat Jun 24 07:02:11 2017,188792,183601
Sat Jun 24 07:03:13 2017,188825,183633
Sat Jun 24 07:04:14 2017,188825,183633
Sat Jun 24 07:05:17 2017,188825,183633
Sat Jun 24 07:06:19 2017,188859,183665
Sat Jun 24 07:07:20 2017,188859,183665
Sat Jun 24 07:08:22 2017,188859,183665
Sat Jun 24 07:09:24 2017,188864,183670
Sat Jun 24 07:10:26 2017,188864,183670
Sat Jun 24 07:11:28 2017,188864,183670
Sat Jun 24 07:12:30 2017,188737,183547
Sat Jun 24 07:13:32 2017,188737,183547
Sat Jun 24 07:14:33 2017,188737,183547
Sat Jun 24 07:15:35 2017,188820,183627
Sat Jun 24 07:16:37 2017,188820,183627
Sat Jun 24 07:17:39 2017,188820,183627
Sat Jun 24 07:18:41 2017,188653,183465
Sat Jun 24 07:19:43 2017,188653,183465
Sat Jun 24 07:20:45 2017,188653,183465
Sat Jun 24 07:21:47 2017,188630,183443
Sat Jun 24 07:22:49 2017,188630,183443
Sat Jun 24 07:23:51 2017,188630,183443
Sat Jun 24 07:24:53 2017,188670,183482
Sat Jun 24 07:25:55 2017,188670,183482
Sat Jun 24 07:26:57 2017,188670,183482
Sat Jun 24 07:27:59 2017,188651,183463
Sat Jun 24 07:29:02 2017,188651,183463
Sat Jun 24 07:30:03 2017,188651,183463
Sat Jun 24 07:31:05 2017,188601,183415
Sat Jun 24 07:32:08 2017,188601,183415
Sat Jun 24 07:33:10 2017,188739,183548
Sat Jun 24 07:34:12 2017,188739,183548
Sat Jun 24 07:35:13 2017,188739,183548
Sat Jun 24 07:36:15 2017,188634,183447
Sat Jun 24 07:37:17 2017,188634,183447
Sat Jun 24 07:38:19 2017,188634,183447
Sat Jun 24 07:39:21 2017,188675,183486
Sat Jun 24 07:40:23 2017,188675,183486
Sat Jun 24 07:41:24 2017,188675,183486
Sat Jun 24 07:42:26 2017,188750,183559
Sat Jun 24 07:43:28 2017,188750,183559
Sat Jun 24 07:44:30 2017,188750,183559
Sat Jun 24 07:45:32 2017,188688,183499
Sat Jun 24 07:46:34 2017,188688,183499
Sat Jun 24 07:47:35 2017,188688,183499
Sat Jun 24 07:48:37 2017,188740,183550
Sat Jun 24 07:49:39 2017,188740,183550
Sat Jun 24 07:50:41 2017,188740,183550
Sat Jun 24 07:51:42 2017,188682,183493
Sat Jun 24 07:52:44 2017,188682,183493
Sat Jun 24 07:53:46 2017,188682,183493
Sat Jun 24 07:54:47 2017,188781,183589
Sat Jun 24 07:55:49 2017,188781,183589
Sat Jun 24 07:56:51 2017,188781,183589
Sat Jun 24 07:57:53 2017,188725,183535
Sat Jun 24 07:58:55 2017,188725,183535
Sat Jun 24 07:59:56 2017,188725,183535
Sat Jun 24 08:00:58 2017,188669,183480
Sat Jun 24 08:02:00 2017,188669,183480
Sat Jun 24 08:03:02 2017,188669,183480
Sat Jun 24 08:04:04 2017,188737,183547
Sat Jun 24 08:05:06 2017,188737,183547
Sat Jun 24 08:06:08 2017,188737,183546
Sat Jun 24 08:07:10 2017,188737,183546
Sat Jun 24 08:08:12 2017,188737,183546
Sat Jun 24 08:09:13 2017,188717,183527
Sat Jun 24 08:10:15 2017,188717,183527
Sat Jun 24 08:11:17 2017,188717,183527
Sat Jun 24 08:12:18 2017,188737,183547
Sat Jun 24 08:13:20 2017,188737,183547
Sat Jun 24 08:14:22 2017,188737,183547
Sat Jun 24 08:15:24 2017,188895,183701
Sat Jun 24 08:16:25 2017,188895,183701
Sat Jun 24 08:17:27 2017,188895,183701
Sat Jun 24 08:18:29 2017,188950,183754
Sat Jun 24 08:19:31 2017,188950,183754
Sat Jun 24 08:20:32 2017,188950,183754
Sat Jun 24 08:21:34 2017,188804,183612
Sat Jun 24 08:22:36 2017,188804,183612
Sat Jun 24 08:23:38 2017,188804,183612
Sat Jun 24 08:24:41 2017,188854,183661
Sat Jun 24 08:25:43 2017,188854,183661
Sat Jun 24 08:26:45 2017,188854,183661
Sat Jun 24 08:27:47 2017,188858,183664
Sat Jun 24 08:28:48 2017,188858,183664
Sat Jun 24 08:29:50 2017,188858,183664
Sat Jun 24 08:30:52 2017,188974,183778
Sat Jun 24 08:31:54 2017,188974,183778
Sat Jun 24 08:32:56 2017,188974,183778
Sat Jun 24 08:33:58 2017,189042,183844
Sat Jun 24 08:35:00 2017,189042,183844
Sat Jun 24 08:36:02 2017,189042,183844
Sat Jun 24 08:37:04 2017,189168,183966
Sat Jun 24 08:38:05 2017,189168,183966
Sat Jun 24 08:39:07 2017,189159,183957
Sat Jun 24 08:40:09 2017,189159,183957
Sat Jun 24 08:41:11 2017,189159,183957
Sat Jun 24 08:42:13 2017,189112,183911
Sat Jun 24 08:43:15 2017,189112,183911
Sat Jun 24 08:44:16 2017,189112,183911
Sat Jun 24 08:45:18 2017,189090,183890
Sat Jun 24 08:46:20 2017,189090,183890
Sat Jun 24 08:47:22 2017,189090,183890
Sat Jun 24 08:48:24 2017,189132,183931
Sat Jun 24 08:49:26 2017,189132,183931
Sat Jun 24 08:50:27 2017,189132,183931
Sat Jun 24 08:51:29 2017,189159,183957
Sat Jun 24 08:52:31 2017,189159,183957
Sat Jun 24 08:53:33 2017,189159,183957
Sat Jun 24 08:54:35 2017,189142,183940
Sat Jun 24 08:55:37 2017,189142,183940
Sat Jun 24 08:56:39 2017,189142,183940
Sat Jun 24 08:57:41 2017,188991,183794
Sat Jun 24 08:58:43 2017,188991,183794
Sat Jun 24 08:59:44 2017,188991,183794
Sat Jun 24 09:00:46 2017,189061,183862
Sat Jun 24 09:01:48 2017,189061,183862
Sat Jun 24 09:02:50 2017,189061,183862
Sat Jun 24 09:03:52 2017,189089,183889
Sat Jun 24 09:04:54 2017,189089,183889
Sat Jun 24 09:05:56 2017,189089,183889
Sat Jun 24 09:06:57 2017,188969,183772
Sat Jun 24 09:07:59 2017,188969,183772
Sat Jun 24 09:09:01 2017,188969,183772
Sat Jun 24 09:10:03 2017,188760,183569
Sat Jun 24 09:11:05 2017,188760,183569
Sat Jun 24 09:12:06 2017,188729,183539
Sat Jun 24 09:13:08 2017,188729,183539
Sat Jun 24 09:14:10 2017,188729,183539
Sat Jun 24 09:15:12 2017,188648,183460
Sat Jun 24 09:16:13 2017,188648,183460
Sat Jun 24 09:17:15 2017,188648,183460
Sat Jun 24 09:18:17 2017,188572,183386
Sat Jun 24 09:19:19 2017,188572,183386
Sat Jun 24 09:20:21 2017,188572,183386
Sat Jun 24 09:21:23 2017,188534,183349
Sat Jun 24 09:22:25 2017,188534,183349
Sat Jun 24 09:23:26 2017,188534,183349
Sat Jun 24 09:24:28 2017,188526,183342
Sat Jun 24 09:25:30 2017,188526,183342
Sat Jun 24 09:26:32 2017,188526,183342
Sat Jun 24 09:27:34 2017,188713,183523
Sat Jun 24 09:28:36 2017,188713,183523
Sat Jun 24 09:29:38 2017,188713,183523
Sat Jun 24 09:30:40 2017,188953,183757
Sat Jun 24 09:31:42 2017,188953,183757
Sat Jun 24 09:32:44 2017,188953,183757
Sat Jun 24 09:33:45 2017,188899,183704
Sat Jun 24 09:34:47 2017,188899,183704
Sat Jun 24 09:35:49 2017,188899,183704
Sat Jun 24 09:36:51 2017,188429,183247
Sat Jun 24 09:37:53 2017,188429,183247
Sat Jun 24 09:38:55 2017,188429,183247
Sat Jun 24 09:39:57 2017,188487,183304
Sat Jun 24 09:40:59 2017,188487,183304
Sat Jun 24 09:42:01 2017,188487,183304
Sat Jun 24 09:43:02 2017,188389,183208
Sat Jun 24 09:44:04 2017,188389,183208
Sat Jun 24 09:45:07 2017,188572,183386
Sat Jun 24 09:46:09 2017,188572,183386
Sat Jun 24 09:47:10 2017,188572,183386
Sat Jun 24 09:48:12 2017,188662,183474
Sat Jun 24 09:49:14 2017,188662,183474
Sat Jun 24 09:50:15 2017,188662,183474
Sat Jun 24 09:51:17 2017,188760,183569
Sat Jun 24 09:52:19 2017,188760,183569
Sat Jun 24 09:53:21 2017,188760,183569
Sat Jun 24 09:54:23 2017,188562,183377
Sat Jun 24 09:55:25 2017,188562,183377
Sat Jun 24 09:56:27 2017,188562,183377
Sat Jun 24 09:57:28 2017,188543,183358
Sat Jun 24 09:58:30 2017,188543,183358
Sat Jun 24 09:59:32 2017,188543,183358
Sat Jun 24 10:00:34 2017,188717,183527
Sat Jun 24 10:01:36 2017,188717,183527
Sat Jun 24 10:02:38 2017,188717,183527
Sat Jun 24 10:03:40 2017,188874,183680
Sat Jun 24 10:04:42 2017,188874,183680
Sat Jun 24 10:05:44 2017,188874,183680
Sat Jun 24 10:06:45 2017,188898,183703
Sat Jun 24 10:07:47 2017,188898,183703
Sat Jun 24 10:08:49 2017,188898,183703
Sat Jun 24 10:09:51 2017,188921,183725
Sat Jun 24 10:10:53 2017,188921,183725
Sat Jun 24 10:11:55 2017,188921,183725
Sat Jun 24 10:12:57 2017,188731,183541
Sat Jun 24 10:13:59 2017,188731,183541
Sat Jun 24 10:15:00 2017,188731,183541
Sat Jun 24 10:16:02 2017,188797,183605
Sat Jun 24 10:19:44 2017,188797,183605
Sat Jun 24 10:20:46 2017,188797,183605
Sat Jun 24 10:21:48 2017,189082,183882
Sat Jun 24 10:22:49 2017,189082,183882
Sat Jun 24 10:23:51 2017,189082,183882
Sat Jun 24 10:24:53 2017,188931,183735
Sat Jun 24 10:25:55 2017,188931,183735
Sat Jun 24 10:26:57 2017,188931,183735
Sat Jun 24 10:27:58 2017,189020,183822
Sat Jun 24 10:29:00 2017,189020,183822
Sat Jun 24 10:30:02 2017,189020,183822
Sat Jun 24 10:31:04 2017,189133,183931
Sat Jun 24 10:32:06 2017,189133,183931
Sat Jun 24 10:33:08 2017,189142,183941
Sat Jun 24 10:34:10 2017,189142,183941
Sat Jun 24 10:35:12 2017,189142,183941
Sat Jun 24 10:36:14 2017,189077,183878
Sat Jun 24 10:37:15 2017,189077,183878
Sat Jun 24 10:38:17 2017,189077,183878
Sat Jun 24 10:39:19 2017,188953,183757
Sat Jun 24 10:40:21 2017,188953,183757
Sat Jun 24 10:41:23 2017,188953,183757
Sat Jun 24 10:42:25 2017,188832,183639
Sat Jun 24 10:43:26 2017,188832,183639
Sat Jun 24 10:44:28 2017,188832,183639
Sat Jun 24 10:45:30 2017,188804,183612
Sat Jun 24 10:46:32 2017,188804,183612
Sat Jun 24 10:47:34 2017,188804,183612
Sat Jun 24 10:48:36 2017,188859,183666
Sat Jun 24 10:49:38 2017,188859,183666
Sat Jun 24 10:50:40 2017,188859,183666
Sat Jun 24 10:51:42 2017,188839,183646
Sat Jun 24 10:52:43 2017,188839,183646
Sat Jun 24 10:53:45 2017,188839,183646
Sat Jun 24 10:54:47 2017,188872,183678
Sat Jun 24 10:55:49 2017,188872,183678
Sat Jun 24 10:56:51 2017,188872,183678
Sat Jun 24 10:57:53 2017,188944,183748
Sat Jun 24 10:58:54 2017,188944,183748
Sat Jun 24 10:59:56 2017,188944,183748
Sat Jun 24 11:00:58 2017,188958,183761
Sat Jun 24 11:02:00 2017,188958,183761
Sat Jun 24 11:03:02 2017,188958,183761
Sat Jun 24 11:04:04 2017,188974,183777
Sat Jun 24 11:05:06 2017,188974,183777
Sat Jun 24 11:06:07 2017,189105,183904
Sat Jun 24 11:07:09 2017,189105,183904
Sat Jun 24 11:08:11 2017,189105,183904
Sat Jun 24 11:09:13 2017,189031,183833
Sat Jun 24 11:10:15 2017,189031,183833
Sat Jun 24 11:11:17 2017,189031,183833
Sat Jun 24 11:12:18 2017,188932,183737
Sat Jun 24 11:13:20 2017,188932,183737
Sat Jun 24 11:14:22 2017,188932,183737
Sat Jun 24 11:15:24 2017,189033,183835
Sat Jun 24 11:16:26 2017,189033,183835
Sat Jun 24 11:17:27 2017,189033,183835
Sat Jun 24 11:18:29 2017,189217,184013
Sat Jun 24 11:19:31 2017,189217,184013
Sat Jun 24 11:20:32 2017,189217,184013
Sat Jun 24 11:21:34 2017,189258,184054
Sat Jun 24 11:22:36 2017,189258,184054
Sat Jun 24 11:23:38 2017,189258,184054
Sat Jun 24 11:24:40 2017,189240,184036
Sat Jun 24 11:25:42 2017,189240,184036
Sat Jun 24 11:26:44 2017,189240,184036
Sat Jun 24 11:27:46 2017,189189,183986
Sat Jun 24 11:28:48 2017,189189,183986
Sat Jun 24 11:29:49 2017,189189,183986
Sat Jun 24 11:30:51 2017,188982,183785
Sat Jun 24 11:31:53 2017,188982,183785
Sat Jun 24 11:32:54 2017,188982,183785
Sat Jun 24 11:33:56 2017,189058,183859
Sat Jun 24 11:34:58 2017,189058,183859
Sat Jun 24 11:36:00 2017,189058,183859
Sat Jun 24 11:37:02 2017,189096,183895
Sat Jun 24 11:38:04 2017,189096,183895
Sat Jun 24 11:39:06 2017,189170,183968
Sat Jun 24 11:40:07 2017,189170,183968
Sat Jun 24 11:41:09 2017,189170,183968
Sat Jun 24 11:42:10 2017,189200,183997
Sat Jun 24 11:43:12 2017,189200,183997
Sat Jun 24 11:44:14 2017,189200,183997
Sat Jun 24 11:45:16 2017,189235,184031
Sat Jun 24 11:46:18 2017,189235,184031
Sat Jun 24 11:47:20 2017,189235,184031
Sat Jun 24 11:48:21 2017,189180,183978
Sat Jun 24 11:49:23 2017,189180,183978
Sat Jun 24 11:50:25 2017,189180,183978
Sat Jun 24 11:51:27 2017,189212,184008
Sat Jun 24 11:52:28 2017,189212,184008
Sat Jun 24 11:53:30 2017,189212,184008
Sat Jun 24 11:54:32 2017,188958,183762
Sat Jun 24 11:55:33 2017,188958,183762
Sat Jun 24 11:56:35 2017,188958,183762
Sat Jun 24 11:57:37 2017,189055,183856
Sat Jun 24 11:58:39 2017,189055,183856
Sat Jun 24 11:59:41 2017,189055,183856
Sat Jun 24 12:00:42 2017,188882,183688
Sat Jun 24 12:01:44 2017,188882,183688
Sat Jun 24 12:02:46 2017,188882,183688
Sat Jun 24 12:03:48 2017,188952,183756
Sat Jun 24 12:04:50 2017,188952,183756
Sat Jun 24 12:05:51 2017,188952,183756
Sat Jun 24 12:06:53 2017,188823,183630
Sat Jun 24 12:07:55 2017,188823,183630
Sat Jun 24 12:08:56 2017,188823,183630
Sat Jun 24 12:09:58 2017,189012,183814
Sat Jun 24 12:11:00 2017,189012,183814
Sat Jun 24 12:12:01 2017,189012,183814
Sat Jun 24 12:13:03 2017,188995,183798
Sat Jun 24 12:14:05 2017,188995,183798
Sat Jun 24 12:15:07 2017,189094,183894
Sat Jun 24 12:16:09 2017,189094,183894
Sat Jun 24 12:17:11 2017,189094,183894
Sat Jun 24 12:18:13 2017,189116,183916
Sat Jun 24 12:19:14 2017,189116,183916
Sat Jun 24 12:20:16 2017,189116,183916
Sat Jun 24 12:21:18 2017,189084,183885
Sat Jun 24 12:22:20 2017,189084,183885
Sat Jun 24 12:23:22 2017,189084,183885
Sat Jun 24 12:24:24 2017,188918,183723
Sat Jun 24 12:25:26 2017,188918,183723
Sat Jun 24 12:26:27 2017,188918,183723
Sat Jun 24 12:27:31 2017,188959,183762
Sat Jun 24 12:28:32 2017,188959,183762
Sat Jun 24 12:29:34 2017,188959,183762
Sat Jun 24 12:30:36 2017,189139,183938
Sat Jun 24 12:31:37 2017,189139,183938
Sat Jun 24 12:32:39 2017,189139,183938
Sat Jun 24 12:33:41 2017,189293,184087
Sat Jun 24 12:34:43 2017,189293,184087
Sat Jun 24 12:35:45 2017,189293,184087
Sat Jun 24 12:36:47 2017,189247,184043
Sat Jun 24 12:37:48 2017,189247,184043
Sat Jun 24 12:38:50 2017,189247,184043
Sat Jun 24 12:39:52 2017,189193,183990
Sat Jun 24 12:40:54 2017,189193,183990
Sat Jun 24 12:41:56 2017,189193,183990
Sat Jun 24 12:42:58 2017,189114,183914
Sat Jun 24 12:43:59 2017,189114,183914
Sat Jun 24 12:45:01 2017,189114,183914
Sat Jun 24 12:46:03 2017,189231,184027
Sat Jun 24 12:47:05 2017,189231,184027
Sat Jun 24 12:48:07 2017,189226,184022
Sat Jun 24 12:49:08 2017,189226,184022
Sat Jun 24 12:50:10 2017,189226,184022
Sat Jun 24 12:51:12 2017,189123,183922
Sat Jun 24 12:52:14 2017,189123,183922
Sat Jun 24 12:53:16 2017,189123,183922
Sat Jun 24 12:54:18 2017,189125,183924
Sat Jun 24 12:55:20 2017,189125,183924
Sat Jun 24 12:56:21 2017,189125,183924
Sat Jun 24 12:57:23 2017,188972,183775
Sat Jun 24 12:58:25 2017,188972,183775
Sat Jun 24 12:59:27 2017,188972,183775
Sat Jun 24 13:00:28 2017,188725,183535
Sat Jun 24 13:01:30 2017,188725,183535
Sat Jun 24 13:02:32 2017,188725,183535
Sat Jun 24 13:03:34 2017,188595,183408
Sat Jun 24 13:04:36 2017,188595,183408
Sat Jun 24 13:05:37 2017,188595,183408
Sat Jun 24 13:06:39 2017,188166,182991
Sat Jun 24 13:07:40 2017,188166,182991
Sat Jun 24 13:08:42 2017,188166,182991
Sat Jun 24 13:09:44 2017,187963,182794
Sat Jun 24 13:10:45 2017,187963,182794
Sat Jun 24 13:11:47 2017,187963,182794
Sat Jun 24 13:12:49 2017,187606,182447
Sat Jun 24 13:13:51 2017,187606,182447
Sat Jun 24 13:14:53 2017,187606,182447
Sat Jun 24 13:15:54 2017,187243,182094
Sat Jun 24 13:16:56 2017,187243,182094
Sat Jun 24 13:17:58 2017,187243,182094
Sat Jun 24 13:18:59 2017,187288,182138
Sat Jun 24 13:20:01 2017,187288,182138
Sat Jun 24 13:21:03 2017,187288,182138
Sat Jun 24 13:22:06 2017,187264,182114
Sat Jun 24 13:23:07 2017,187264,182114
Sat Jun 24 13:24:09 2017,187534,182377
Sat Jun 24 13:25:11 2017,187534,182377
Sat Jun 24 13:26:13 2017,187534,182377
Sat Jun 24 13:27:14 2017,187321,182170
Sat Jun 24 13:28:16 2017,187321,182170
Sat Jun 24 13:29:18 2017,187321,182170
Sat Jun 24 13:30:19 2017,187424,182270
Sat Jun 24 13:31:21 2017,187424,182270
Sat Jun 24 13:32:23 2017,187424,182270
Sat Jun 24 13:33:25 2017,187338,182186
Sat Jun 24 13:34:27 2017,187338,182186
Sat Jun 24 13:35:28 2017,187338,182186
Sat Jun 24 13:36:30 2017,185680,180574
Sat Jun 24 13:37:32 2017,185680,180574
Sat Jun 24 13:38:34 2017,185680,180574
Sat Jun 24 13:39:36 2017,185223,180129
Sat Jun 24 13:40:37 2017,185223,180129
Sat Jun 24 13:41:39 2017,185223,180129
Sat Jun 24 13:42:41 2017,185924,180811
Sat Jun 24 13:43:43 2017,185924,180811
Sat Jun 24 13:44:44 2017,185924,180811
Sat Jun 24 13:45:46 2017,185301,180205
Sat Jun 24 13:46:48 2017,185301,180205
Sat Jun 24 13:47:49 2017,185301,180205
Sat Jun 24 13:48:51 2017,185500,180399
Sat Jun 24 13:49:53 2017,185500,180399
Sat Jun 24 13:50:55 2017,185500,180399
Sat Jun 24 13:51:56 2017,185454,180354
Sat Jun 24 13:52:58 2017,185454,180354
Sat Jun 24 13:54:00 2017,185454,180354
Sat Jun 24 13:55:02 2017,184465,179393
Sat Jun 24 13:56:04 2017,184465,179393
Sat Jun 24 13:57:06 2017,184224,179157
Sat Jun 24 13:58:08 2017,184224,179157
Sat Jun 24 13:59:10 2017,184224,179157
Sat Jun 24 14:00:12 2017,183289,178249
Sat Jun 24 14:01:14 2017,183289,178249
Sat Jun 24 14:02:16 2017,183289,178249
Sat Jun 24 14:03:17 2017,183799,178745
Sat Jun 24 14:04:19 2017,183799,178745
Sat Jun 24 14:05:22 2017,183799,178745
Sat Jun 24 14:06:24 2017,184816,179734
Sat Jun 24 14:07:26 2017,184816,179734
Sat Jun 24 14:08:28 2017,184816,179734
Sat Jun 24 14:09:29 2017,184717,179637
Sat Jun 24 14:10:31 2017,184717,179637
Sat Jun 24 14:11:33 2017,184717,179637
Sat Jun 24 14:12:35 2017,184878,179794
Sat Jun 24 14:13:37 2017,184878,179794
Sat Jun 24 14:14:39 2017,184878,179794
Sat Jun 24 14:15:40 2017,184851,179768
Sat Jun 24 14:16:42 2017,184851,179768
Sat Jun 24 14:17:44 2017,184851,179768
Sat Jun 24 14:18:45 2017,184985,179898
Sat Jun 24 14:19:47 2017,184985,179898
Sat Jun 24 14:20:49 2017,184985,179898
Sat Jun 24 14:21:51 2017,184922,179837
Sat Jun 24 14:22:52 2017,184922,179837
Sat Jun 24 14:23:54 2017,184922,179837
Sat Jun 24 14:24:56 2017,184533,179458
Sat Jun 24 14:25:57 2017,184533,179458
Sat Jun 24 14:26:59 2017,184533,179458
Sat Jun 24 14:28:01 2017,184228,179161
Sat Jun 24 14:29:03 2017,184228,179161
Sat Jun 24 14:30:05 2017,184224,179158
Sat Jun 24 14:31:06 2017,184224,179158
Sat Jun 24 14:32:08 2017,184224,179158
Sat Jun 24 14:33:10 2017,184316,179248
Sat Jun 24 14:34:12 2017,184316,179248
Sat Jun 24 14:35:14 2017,184316,179248
Sat Jun 24 14:36:16 2017,184873,179789
Sat Jun 24 14:37:17 2017,184873,179789
Sat Jun 24 14:38:19 2017,184873,179789
Sat Jun 24 14:39:21 2017,184784,179702
Sat Jun 24 14:40:22 2017,184784,179702
Sat Jun 24 14:41:25 2017,184784,179702
Sat Jun 24 14:42:26 2017,184457,179385
Sat Jun 24 14:43:29 2017,184457,179385
Sat Jun 24 14:44:33 2017,184457,179385
Sat Jun 24 14:45:34 2017,184518,179443
Sat Jun 24 14:46:36 2017,184518,179443
Sat Jun 24 14:47:38 2017,184518,179443
Sat Jun 24 14:48:52 2017,184518,179443
Sat Jun 24 14:50:46 2017,184518,179443
Sat Jun 24 15:24:08 2017,184518,179443
Sat Jun 24 15:25:10 2017,184518,179443
Sat Jun 24 15:26:12 2017,184518,179443
Sat Jun 24 15:27:14 2017,184518,179443
Sat Jun 24 15:28:15 2017,184518,179443
Sat Jun 24 15:29:17 2017,184518,179443
Sat Jun 24 15:30:19 2017,184518,179443
Sat Jun 24 15:31:21 2017,184518,179443
Sat Jun 24 15:32:23 2017,184518,179443
Sat Jun 24 15:33:25 2017,184518,179443
Sat Jun 24 15:34:26 2017,184518,179443
Sat Jun 24 15:35:29 2017,184518,179443
Sat Jun 24 15:36:35 2017,184518,179443
Sat Jun 24 15:37:41 2017,184518,179443
Sat Jun 24 15:39:20 2017,184518,179443
Sat Jun 24 15:40:31 2017,184518,179443
Sat Jun 24 15:41:42 2017,184518,179443
Sat Jun 24 15:43:03 2017,184518,179443
Sat Jun 24 15:44:26 2017,184518,179443
Sat Jun 24 15:45:28 2017,184518,179443
Sat Jun 24 15:46:34 2017,184518,179443
Sat Jun 24 15:47:37 2017,184518,179443
Sat Jun 24 15:48:42 2017,184518,179443
